,loss,lr
0,16.56185531616211,3.125e-05
1,16.531333923339844,3.125e-05
2,16.392061233520508,3.125e-05
3,16.31902313232422,3.125e-05
4,16.270139694213867,3.125e-05
5,16.174057006835938,3.125e-05
6,16.10488510131836,3.125e-05
7,16.0737247467041,3.125e-05
8,15.998822212219238,3.125e-05
9,15.917004585266113,3.125e-05
10,15.849974632263184,3.125e-05
11,15.777048110961914,3.125e-05
12,15.725059509277344,3.125e-05
13,15.683890342712402,3.125e-05
14,15.610735893249512,3.125e-05
15,15.558470726013184,3.125e-05
16,15.519002914428711,3.125e-05
17,15.471624374389648,3.125e-05
18,15.430948257446289,3.125e-05
19,15.391511917114258,3.125e-05
20,15.345205307006836,3.125e-05
21,15.297377586364746,3.125e-05
22,15.256916046142578,3.125e-05
23,15.22653579711914,3.125e-05
24,15.193756103515625,3.125e-05
25,15.157713890075684,3.125e-05
26,15.123724937438965,3.125e-05
27,15.087082862854004,3.125e-05
28,15.054675102233887,3.125e-05
29,15.02842903137207,3.125e-05
30,14.999924659729004,3.125e-05
31,14.969812393188477,3.125e-05
32,14.939499855041504,3.125e-05
33,14.908440589904785,3.125e-05
34,14.883785247802734,3.125e-05
35,14.858433723449707,3.125e-05
36,14.830820083618164,3.125e-05
37,14.8069429397583,3.125e-05
38,14.783255577087402,3.125e-05
39,14.757955551147461,3.125e-05
40,14.735628128051758,3.125e-05
41,14.717306137084961,3.125e-05
42,14.697652816772461,3.125e-05
43,14.677607536315918,3.125e-05
44,14.658510208129883,3.125e-05
45,14.63962459564209,3.125e-05
46,14.621773719787598,3.125e-05
47,14.604679107666016,3.125e-05
48,14.58615493774414,3.125e-05
49,14.56814193725586,3.125e-05
50,14.551918983459473,3.125e-05
51,14.535325050354004,3.125e-05
52,14.51880168914795,3.125e-05
53,14.50338363647461,3.125e-05
54,14.48758602142334,3.125e-05
55,14.472744941711426,3.125e-05
56,14.458378791809082,3.125e-05
57,14.443769454956055,3.125e-05
58,14.429683685302734,3.125e-05
59,14.415848731994629,3.125e-05
60,14.40301513671875,3.125e-05
61,14.390154838562012,3.125e-05
62,14.377479553222656,3.125e-05
63,14.364866256713867,3.125e-05
64,14.352387428283691,3.125e-05
65,14.340719223022461,3.125e-05
66,14.328573226928711,3.125e-05
67,14.31657886505127,3.125e-05
68,14.304879188537598,3.125e-05
69,14.293171882629395,3.125e-05
70,14.2815523147583,3.125e-05
71,14.270423889160156,3.125e-05
72,14.25889778137207,3.125e-05
73,14.247954368591309,3.125e-05
74,14.236658096313477,3.125e-05
75,14.225499153137207,3.125e-05
76,14.214532852172852,3.125e-05
77,14.203450202941895,3.125e-05
78,14.193058013916016,3.125e-05
79,14.18226146697998,3.125e-05
80,14.171886444091797,3.125e-05
81,14.161642074584961,3.125e-05
82,14.151481628417969,3.125e-05
83,14.141480445861816,3.125e-05
84,14.131229400634766,3.125e-05
85,14.121427536010742,3.125e-05
86,14.111584663391113,3.125e-05
87,14.102346420288086,3.125e-05
88,14.0930814743042,3.125e-05
89,14.083534240722656,3.125e-05
90,14.07473087310791,3.125e-05
91,14.06574821472168,3.125e-05
92,14.057297706604004,3.125e-05
93,14.048552513122559,3.125e-05
94,14.03923225402832,3.125e-05
95,14.030526161193848,3.125e-05
96,14.021944046020508,3.125e-05
97,14.01327896118164,3.125e-05
98,14.005145072937012,3.125e-05
99,13.997725486755371,3.125e-05
100,13.988879203796387,3.125e-05
101,13.981310844421387,3.125e-05
102,13.974479675292969,3.125e-05
103,13.966142654418945,3.125e-05
104,13.959485054016113,3.125e-05
105,13.951247215270996,3.125e-05
106,13.94415283203125,3.125e-05
107,13.937870025634766,3.125e-05
108,13.930785179138184,3.125e-05
109,13.923498153686523,3.125e-05
110,13.91663932800293,3.125e-05
111,13.909314155578613,3.125e-05
112,13.902832984924316,3.125e-05
113,13.895967483520508,3.125e-05
114,13.888787269592285,3.125e-05
115,13.882411003112793,3.125e-05
116,13.874652862548828,3.125e-05
117,13.869359016418457,3.125e-05
118,13.860945701599121,3.125e-05
119,13.85441780090332,3.125e-05
120,13.847052574157715,3.125e-05
121,13.840435028076172,3.125e-05
122,13.833599090576172,3.125e-05
123,13.827064514160156,3.125e-05
124,13.820703506469727,3.125e-05
125,13.814383506774902,3.125e-05
126,13.807908058166504,3.125e-05
127,13.801883697509766,3.125e-05
128,13.795674324035645,3.125e-05
129,13.789941787719727,3.125e-05
130,13.783371925354004,3.125e-05
131,13.777424812316895,3.125e-05
132,13.771061897277832,3.125e-05
133,13.764734268188477,3.125e-05
134,13.75888442993164,3.125e-05
135,13.752921104431152,3.125e-05
136,13.746683120727539,3.125e-05
137,13.739904403686523,3.125e-05
138,13.73398494720459,3.125e-05
139,13.728071212768555,3.125e-05
140,13.722834587097168,3.125e-05
141,13.716378211975098,3.125e-05
142,13.710417747497559,3.125e-05
143,13.70465087890625,3.125e-05
144,13.69908332824707,3.125e-05
145,13.693129539489746,3.125e-05
146,13.687379837036133,3.125e-05
147,13.68185043334961,3.125e-05
148,13.67664623260498,3.125e-05
149,13.670902252197266,3.125e-05
150,13.665267944335938,3.125e-05
151,13.659449577331543,3.125e-05
152,13.653727531433105,3.125e-05
153,13.648972511291504,3.125e-05
154,13.641938209533691,3.125e-05
155,13.638160705566406,3.125e-05
156,13.631939888000488,3.125e-05
157,13.62591552734375,3.125e-05
158,13.621350288391113,3.125e-05
159,13.614815711975098,3.125e-05
160,13.610340118408203,3.125e-05
161,13.604036331176758,3.125e-05
162,13.599091529846191,3.125e-05
163,13.592899322509766,3.125e-05
164,13.587479591369629,3.125e-05
165,13.582685470581055,3.125e-05
166,13.576616287231445,3.125e-05
167,13.571760177612305,3.125e-05
168,13.566118240356445,3.125e-05
169,13.561538696289062,3.125e-05
170,13.555299758911133,3.125e-05
171,13.550918579101562,3.125e-05
172,13.545564651489258,3.125e-05
173,13.541400909423828,3.125e-05
174,13.535797119140625,3.125e-05
175,13.53013801574707,3.125e-05
176,13.526249885559082,3.125e-05
177,13.521167755126953,3.125e-05
178,13.516491889953613,3.125e-05
179,13.511075019836426,3.125e-05
180,13.505833625793457,3.125e-05
181,13.501443862915039,3.125e-05
182,13.496788024902344,3.125e-05
183,13.491827964782715,3.125e-05
184,13.487147331237793,3.125e-05
185,13.483521461486816,3.125e-05
186,13.477246284484863,3.125e-05
187,13.474319458007812,3.125e-05
188,13.469169616699219,3.125e-05
189,13.465413093566895,3.125e-05
190,13.461236000061035,3.125e-05
191,13.45693302154541,3.125e-05
192,13.45395278930664,3.125e-05
193,13.448655128479004,3.125e-05
194,13.445329666137695,3.125e-05
195,13.440561294555664,3.125e-05
196,13.436924934387207,3.125e-05
197,13.432501792907715,3.125e-05
198,13.42884635925293,3.125e-05
199,13.424763679504395,3.125e-05
200,13.421958923339844,3.125e-05
201,13.416854858398438,3.125e-05
202,13.414478302001953,3.125e-05
203,13.41042709350586,3.125e-05
204,13.405189514160156,3.125e-05
205,13.402921676635742,3.125e-05
206,13.398211479187012,3.125e-05
207,13.394685745239258,3.125e-05
208,13.389962196350098,3.125e-05
209,13.387084007263184,3.125e-05
210,13.382765769958496,3.125e-05
211,13.378646850585938,3.125e-05
212,13.375994682312012,3.125e-05
213,13.370779991149902,3.125e-05
214,13.368609428405762,3.125e-05
215,13.364901542663574,3.125e-05
216,13.360066413879395,3.125e-05
217,13.357054710388184,3.125e-05
218,13.351899147033691,3.125e-05
219,13.349650382995605,3.125e-05
220,13.345257759094238,3.125e-05
221,13.342009544372559,3.125e-05
222,13.337696075439453,3.125e-05
223,13.334357261657715,3.125e-05
224,13.330389022827148,3.125e-05
225,13.327078819274902,3.125e-05
226,13.3220796585083,3.125e-05
227,13.320100784301758,3.125e-05
228,13.314093589782715,3.125e-05
229,13.312555313110352,3.125e-05
230,13.306925773620605,3.125e-05
231,13.304923057556152,3.125e-05
232,13.300445556640625,3.125e-05
233,13.296906471252441,3.125e-05
234,13.2937650680542,3.125e-05
235,13.289422035217285,3.125e-05
236,13.286255836486816,3.125e-05
237,13.2825288772583,3.125e-05
238,13.278838157653809,3.125e-05
239,13.275625228881836,3.125e-05
240,13.271682739257812,3.125e-05
241,13.269887924194336,3.125e-05
242,13.266239166259766,3.125e-05
243,13.261736869812012,3.125e-05
244,13.25888442993164,3.125e-05
245,13.256979942321777,3.125e-05
246,13.253326416015625,3.125e-05
247,13.250398635864258,3.125e-05
248,13.245588302612305,3.125e-05
249,13.243629455566406,3.125e-05
250,13.239160537719727,3.125e-05
251,13.237289428710938,3.125e-05
252,13.233260154724121,3.125e-05
253,13.229479789733887,3.125e-05
254,13.227630615234375,3.125e-05
255,13.223278999328613,3.125e-05
256,13.221303939819336,3.125e-05
257,13.217070579528809,3.125e-05
258,13.214859008789062,3.125e-05
259,13.2108793258667,3.125e-05
260,13.208168983459473,3.125e-05
261,13.204638481140137,3.125e-05
262,13.201908111572266,3.125e-05
263,13.198476791381836,3.125e-05
264,13.195682525634766,3.125e-05
265,13.192877769470215,3.125e-05
266,13.19029712677002,3.125e-05
267,13.18670654296875,3.125e-05
268,13.183608055114746,3.125e-05
269,13.182111740112305,3.125e-05
270,13.177103042602539,3.125e-05
271,13.173999786376953,3.125e-05
272,13.170953750610352,3.125e-05
273,13.168128967285156,3.125e-05
274,13.165164947509766,3.125e-05
275,13.161726951599121,3.125e-05
276,13.158548355102539,3.125e-05
277,13.155189514160156,3.125e-05
278,13.151912689208984,3.125e-05
279,13.149068832397461,3.125e-05
280,13.146025657653809,3.125e-05
281,13.142956733703613,3.125e-05
282,13.140562057495117,3.125e-05
283,13.1376371383667,3.125e-05
284,13.134661674499512,3.125e-05
285,13.131865501403809,3.125e-05
286,13.128670692443848,3.125e-05
287,13.125714302062988,3.125e-05
288,13.122596740722656,3.125e-05
289,13.120528221130371,3.125e-05
290,13.118855476379395,3.125e-05
291,13.116059303283691,3.125e-05
292,13.112092018127441,3.125e-05
293,13.109552383422852,3.125e-05
294,13.108348846435547,3.125e-05
295,13.103331565856934,3.125e-05
296,13.101418495178223,3.125e-05
297,13.098432540893555,3.125e-05
298,13.0962495803833,3.125e-05
299,13.092334747314453,3.125e-05
300,13.090049743652344,3.125e-05
301,13.087164878845215,3.125e-05
302,13.083998680114746,3.125e-05
303,13.081799507141113,3.125e-05
304,13.07944393157959,3.125e-05
305,13.076214790344238,3.125e-05
306,13.074041366577148,3.125e-05
307,13.070347785949707,3.125e-05
308,13.06894588470459,3.125e-05
309,13.065378189086914,3.125e-05
310,13.063628196716309,3.125e-05
311,13.060306549072266,3.125e-05
312,13.058467864990234,3.125e-05
313,13.055810928344727,3.125e-05
314,13.052696228027344,3.125e-05
315,13.049959182739258,3.125e-05
316,13.04890251159668,3.125e-05
317,13.046868324279785,3.125e-05
318,13.042956352233887,3.125e-05
319,13.041167259216309,3.125e-05
320,13.039413452148438,3.125e-05
321,13.034173011779785,3.125e-05
322,13.03278923034668,3.125e-05
323,13.03102970123291,3.125e-05
324,13.026925086975098,3.125e-05
325,13.023853302001953,3.125e-05
326,13.022454261779785,3.125e-05
327,13.02004337310791,3.125e-05
328,13.017962455749512,3.125e-05
329,13.014492988586426,3.125e-05
330,13.011391639709473,3.125e-05
331,13.008490562438965,3.125e-05
332,13.0066556930542,3.125e-05
333,13.004347801208496,3.125e-05
334,13.002811431884766,3.125e-05
335,12.999229431152344,3.125e-05
336,12.996941566467285,3.125e-05
337,12.997414588928223,3.125e-05
338,12.994681358337402,3.125e-05
339,12.990499496459961,3.125e-05
340,12.989766120910645,3.125e-05
341,12.991294860839844,3.125e-05
342,12.982090950012207,3.125e-05
343,12.982903480529785,3.125e-05
344,12.98346996307373,3.125e-05
345,12.975045204162598,3.125e-05
346,12.97520923614502,3.125e-05
347,12.976030349731445,3.125e-05
348,12.970182418823242,3.125e-05
349,12.967804908752441,3.125e-05
350,12.968913078308105,3.125e-05
351,12.962289810180664,3.125e-05
352,12.959013938903809,3.125e-05
353,12.959343910217285,3.125e-05
354,12.957870483398438,3.125e-05
355,12.950663566589355,3.125e-05
356,12.950157165527344,3.125e-05
357,12.948485374450684,3.125e-05
358,12.944711685180664,3.125e-05
359,12.942097663879395,3.125e-05
360,12.940269470214844,3.125e-05
361,12.936882019042969,3.125e-05
362,12.935215950012207,3.125e-05
363,12.9326810836792,3.125e-05
364,12.929944038391113,3.125e-05
365,12.92940902709961,3.125e-05
366,12.925785064697266,3.125e-05
367,12.925203323364258,3.125e-05
368,12.924155235290527,3.125e-05
369,12.92055606842041,3.125e-05
370,12.917387962341309,3.125e-05
371,12.918157577514648,3.125e-05
372,12.91483211517334,3.125e-05
373,12.911026954650879,3.125e-05
374,12.90934944152832,3.125e-05
375,12.908458709716797,3.125e-05
376,12.903650283813477,3.125e-05
377,12.904067993164062,3.125e-05
378,12.898262977600098,3.125e-05
379,12.8987398147583,3.125e-05
380,12.894582748413086,3.125e-05
381,12.893132209777832,3.125e-05
382,12.89073657989502,3.125e-05
383,12.889284133911133,3.125e-05
384,12.885595321655273,3.125e-05
385,12.88623046875,3.125e-05
386,12.885592460632324,3.125e-05
387,12.880812644958496,3.125e-05
388,12.878787994384766,3.125e-05
389,12.876771926879883,3.125e-05
390,12.874374389648438,3.125e-05
391,12.871222496032715,3.125e-05
392,12.869778633117676,3.125e-05
393,12.867213249206543,3.125e-05
394,12.864871978759766,3.125e-05
395,12.863368034362793,3.125e-05
396,12.863936424255371,3.125e-05
397,12.864416122436523,3.125e-05
398,12.862408638000488,3.125e-05
399,12.854382514953613,3.125e-05
400,12.859121322631836,3.125e-05
401,12.851932525634766,3.125e-05
402,12.849287033081055,3.125e-05
403,12.848755836486816,3.125e-05
404,12.845537185668945,3.125e-05
405,12.845108032226562,3.125e-05
406,12.840654373168945,3.125e-05
407,12.838695526123047,3.125e-05
408,12.838411331176758,3.125e-05
409,12.835655212402344,3.125e-05
410,12.835012435913086,3.125e-05
411,12.831777572631836,3.125e-05
412,12.8297758102417,3.125e-05
413,12.829455375671387,3.125e-05
414,12.82568645477295,3.125e-05
415,12.822728157043457,3.125e-05
416,12.821554183959961,3.125e-05
417,12.818005561828613,3.125e-05
418,12.817952156066895,3.125e-05
419,12.814894676208496,3.125e-05
420,12.813841819763184,3.125e-05
421,12.812461853027344,3.125e-05
422,12.8095064163208,3.125e-05
423,12.810261726379395,3.125e-05
424,12.804830551147461,3.125e-05
425,12.804774284362793,3.125e-05
426,12.8029146194458,3.125e-05
427,12.80251407623291,3.125e-05
428,12.800947189331055,3.125e-05
429,12.796759605407715,3.125e-05
430,12.794389724731445,3.125e-05
431,12.79488468170166,3.125e-05
432,12.794488906860352,3.125e-05
433,12.78896427154541,3.125e-05
434,12.786397933959961,3.125e-05
435,12.784618377685547,3.125e-05
436,12.783934593200684,3.125e-05
437,12.78274154663086,3.125e-05
438,12.779593467712402,3.125e-05
439,12.775840759277344,3.125e-05
440,12.775016784667969,3.125e-05
441,12.772639274597168,3.125e-05
442,12.772826194763184,3.125e-05
443,12.768640518188477,3.125e-05
444,12.766412734985352,3.125e-05
445,12.766101837158203,3.125e-05
446,12.768750190734863,3.125e-05
447,12.76228141784668,3.125e-05
448,12.76141357421875,3.125e-05
449,12.757128715515137,3.125e-05
450,12.75759220123291,3.125e-05
451,12.756560325622559,3.125e-05
452,12.752198219299316,3.125e-05
453,12.751267433166504,3.125e-05
454,12.745436668395996,3.125e-05
455,12.747047424316406,3.125e-05
456,12.74209213256836,3.125e-05
457,12.743199348449707,3.125e-05
458,12.73926067352295,3.125e-05
459,12.740851402282715,3.125e-05
460,12.737022399902344,3.125e-05
461,12.733814239501953,3.125e-05
462,12.732576370239258,3.125e-05
463,12.728261947631836,3.125e-05
464,12.728506088256836,3.125e-05
465,12.727106094360352,3.125e-05
466,12.727395057678223,3.125e-05
467,12.723118782043457,3.125e-05
468,12.719225883483887,3.125e-05
469,12.71833324432373,3.125e-05
470,12.720724105834961,3.125e-05
471,12.720375061035156,3.125e-05
472,12.71426010131836,3.125e-05
473,12.711606979370117,3.125e-05
474,12.709065437316895,3.125e-05
475,12.708395004272461,3.125e-05
476,12.706379890441895,3.125e-05
477,12.703764915466309,3.125e-05
478,12.70383358001709,3.125e-05
479,12.70050048828125,3.125e-05
480,12.699067115783691,3.125e-05
481,12.696324348449707,3.125e-05
482,12.695103645324707,3.125e-05
483,12.692187309265137,3.125e-05
484,12.691362380981445,3.125e-05
485,12.688382148742676,3.125e-05
486,12.688608169555664,3.125e-05
487,12.685794830322266,3.125e-05
488,12.686686515808105,3.125e-05
489,12.687958717346191,3.125e-05
490,12.680682182312012,3.125e-05
491,12.687273979187012,3.125e-05
492,12.677247047424316,3.125e-05
493,12.679010391235352,3.125e-05
494,12.676401138305664,3.125e-05
495,12.67389965057373,3.125e-05
496,12.671708106994629,3.125e-05
497,12.671062469482422,3.125e-05
498,12.66684627532959,3.125e-05
499,12.66552448272705,3.125e-05
500,12.663698196411133,3.125e-05
501,12.662551879882812,3.125e-05
502,12.6611328125,3.125e-05
503,12.660728454589844,3.125e-05
504,12.657214164733887,3.125e-05
505,12.655669212341309,3.125e-05
506,12.655232429504395,3.125e-05
507,12.653983116149902,3.125e-05
508,12.650355339050293,3.125e-05
509,12.649733543395996,3.125e-05
510,12.649325370788574,3.125e-05
511,12.646553039550781,3.125e-05
512,12.644657135009766,3.125e-05
513,12.640595436096191,3.125e-05
514,12.639852523803711,3.125e-05
515,12.636974334716797,3.125e-05
516,12.635235786437988,3.125e-05
517,12.63348388671875,3.125e-05
518,12.632031440734863,3.125e-05
519,12.630032539367676,3.125e-05
520,12.628885269165039,3.125e-05
521,12.626720428466797,3.125e-05
522,12.625517845153809,3.125e-05
523,12.622645378112793,3.125e-05
524,12.62178897857666,3.125e-05
525,12.621443748474121,3.125e-05
526,12.6178617477417,3.125e-05
527,12.616972923278809,3.125e-05
528,12.617798805236816,3.125e-05
529,12.618579864501953,3.125e-05
530,12.615599632263184,3.125e-05
531,12.6100435256958,3.125e-05
532,12.611170768737793,3.125e-05
533,12.615090370178223,3.125e-05
534,12.606202125549316,3.125e-05
535,12.6045560836792,3.125e-05
536,12.608280181884766,3.125e-05
537,12.600936889648438,3.125e-05
538,12.599065780639648,3.125e-05
539,12.599339485168457,3.125e-05
540,12.600884437561035,3.125e-05
541,12.59543514251709,3.125e-05
542,12.589515686035156,3.125e-05
543,12.592609405517578,3.125e-05
544,12.58960247039795,3.125e-05
545,12.584710121154785,3.125e-05
546,12.584263801574707,3.125e-05
547,12.580641746520996,3.125e-05
548,12.579449653625488,3.125e-05
549,12.575936317443848,3.125e-05
550,12.575784683227539,3.125e-05
551,12.572925567626953,3.125e-05
552,12.569890975952148,3.125e-05
553,12.570197105407715,3.125e-05
554,12.56765079498291,3.125e-05
555,12.567471504211426,3.125e-05
556,12.566938400268555,3.125e-05
557,12.56146240234375,3.125e-05
558,12.560434341430664,3.125e-05
559,12.559864044189453,3.125e-05
560,12.556166648864746,3.125e-05
561,12.55919361114502,3.125e-05
562,12.554978370666504,3.125e-05
563,12.550124168395996,3.125e-05
564,12.547343254089355,3.125e-05
565,12.548078536987305,3.125e-05
566,12.5460844039917,3.125e-05
567,12.544974327087402,3.125e-05
568,12.541144371032715,3.125e-05
569,12.538320541381836,3.125e-05
570,12.538286209106445,3.125e-05
571,12.54352855682373,3.125e-05
572,12.538819313049316,3.125e-05
573,12.535379409790039,3.125e-05
574,12.52915096282959,3.125e-05
575,12.54030990600586,3.125e-05
576,12.534661293029785,3.125e-05
577,12.529208183288574,3.125e-05
578,12.5234375,3.125e-05
579,12.527831077575684,3.125e-05
580,12.525919914245605,3.125e-05
581,12.516197204589844,3.125e-05
582,12.519501686096191,3.125e-05
583,12.514328956604004,3.125e-05
584,12.5147066116333,3.125e-05
585,12.513179779052734,3.125e-05
586,12.5078706741333,3.125e-05
587,12.509811401367188,3.125e-05
588,12.509624481201172,3.125e-05
589,12.509547233581543,3.125e-05
590,12.51076889038086,3.125e-05
591,12.500930786132812,3.125e-05
592,12.503535270690918,3.125e-05
593,12.501952171325684,3.125e-05
594,12.497554779052734,3.125e-05
595,12.500506401062012,3.125e-05
596,12.491661071777344,3.125e-05
597,12.49729061126709,3.125e-05
598,12.492538452148438,3.125e-05
599,12.4922513961792,3.125e-05
600,12.490252494812012,3.125e-05
601,12.485708236694336,3.125e-05
602,12.484067916870117,3.125e-05
603,12.48447036743164,3.125e-05
604,12.478358268737793,3.125e-05
605,12.481669425964355,3.125e-05
606,12.4799165725708,3.125e-05
607,12.48028564453125,3.125e-05
608,12.480066299438477,3.125e-05
609,12.471570014953613,3.125e-05
610,12.479969024658203,3.125e-05
611,12.47072982788086,3.125e-05
612,12.480132102966309,3.125e-05
613,12.46640396118164,3.125e-05
614,12.469152450561523,3.125e-05
615,12.468351364135742,3.125e-05
616,12.464456558227539,3.125e-05
617,12.46453857421875,3.125e-05
618,12.460346221923828,3.125e-05
619,12.461146354675293,3.125e-05
620,12.461204528808594,3.125e-05
621,12.455230712890625,3.125e-05
622,12.455178260803223,3.125e-05
623,12.454334259033203,3.125e-05
624,12.451204299926758,3.125e-05
625,12.44565486907959,3.125e-05
626,12.44455337524414,3.125e-05
627,12.446091651916504,3.125e-05
628,12.439539909362793,3.125e-05
629,12.438261985778809,3.125e-05
630,12.44091510772705,3.125e-05
631,12.43746566772461,3.125e-05
632,12.431102752685547,3.125e-05
633,12.43369197845459,3.125e-05
634,12.439373016357422,3.125e-05
635,12.441283226013184,3.125e-05
636,12.429923057556152,3.125e-05
637,12.42352294921875,3.125e-05
638,12.42428207397461,3.125e-05
639,12.424494743347168,3.125e-05
640,12.423928260803223,3.125e-05
641,12.417243003845215,3.125e-05
642,12.41628360748291,3.125e-05
643,12.416664123535156,3.125e-05
644,12.412763595581055,3.125e-05
645,12.410432815551758,3.125e-05
646,12.409507751464844,3.125e-05
647,12.407560348510742,3.125e-05
648,12.405130386352539,3.125e-05
649,12.404412269592285,3.125e-05
650,12.402212142944336,3.125e-05
651,12.40310287475586,3.125e-05
652,12.399361610412598,3.125e-05
653,12.402907371520996,3.125e-05
654,12.405634880065918,3.125e-05
655,12.40606689453125,3.125e-05
656,12.395588874816895,3.125e-05
657,12.395583152770996,3.125e-05
658,12.391986846923828,3.125e-05
659,12.398733139038086,3.125e-05
660,12.394956588745117,3.125e-05
661,12.397632598876953,3.125e-05
662,12.388567924499512,3.125e-05
663,12.3856782913208,3.125e-05
664,12.383620262145996,3.125e-05
665,12.38568115234375,3.125e-05
666,12.387772560119629,3.125e-05
667,12.38166618347168,3.125e-05
668,12.381255149841309,3.125e-05
669,12.380020141601562,3.125e-05
670,12.382634162902832,3.125e-05
671,12.385125160217285,3.125e-05
672,12.371343612670898,3.125e-05
673,12.381155967712402,3.125e-05
674,12.381957054138184,3.125e-05
675,12.377243041992188,3.125e-05
676,12.372515678405762,3.125e-05
677,12.374436378479004,3.125e-05
678,12.3777437210083,3.125e-05
679,12.36003589630127,3.125e-05
680,12.363872528076172,3.125e-05
681,12.363484382629395,3.125e-05
682,12.363720893859863,3.125e-05
683,12.352614402770996,3.125e-05
684,12.356719017028809,3.125e-05
685,12.351326942443848,3.125e-05
686,12.351308822631836,3.125e-05
687,12.34675407409668,3.125e-05
688,12.350947380065918,3.125e-05
689,12.345991134643555,3.125e-05
690,12.347225189208984,3.125e-05
691,12.34506607055664,3.125e-05
692,12.345343589782715,3.125e-05
693,12.338956832885742,3.125e-05
694,12.341708183288574,3.125e-05
695,12.336455345153809,3.125e-05
696,12.339166641235352,3.125e-05
697,12.339280128479004,3.125e-05
698,12.338921546936035,3.125e-05
699,12.340455055236816,3.125e-05
700,12.331537246704102,3.125e-05
701,12.328203201293945,3.125e-05
702,12.32973575592041,3.125e-05
703,12.333492279052734,3.125e-05
704,12.326644897460938,3.125e-05
705,12.324858665466309,3.125e-05
706,12.322441101074219,3.125e-05
707,12.32091236114502,3.125e-05
708,12.323837280273438,3.125e-05
709,12.318787574768066,3.125e-05
710,12.319014549255371,3.125e-05
711,12.318462371826172,3.125e-05
712,12.312447547912598,3.125e-05
713,12.31277847290039,3.125e-05
714,12.311347961425781,3.125e-05
715,12.309128761291504,3.125e-05
716,12.307418823242188,3.125e-05
717,12.306366920471191,3.125e-05
718,12.30197811126709,3.125e-05
719,12.305503845214844,3.125e-05
720,12.302874565124512,3.125e-05
721,12.303058624267578,3.125e-05
722,12.310001373291016,3.125e-05
723,12.295340538024902,3.125e-05
724,12.309537887573242,3.125e-05
725,12.300129890441895,3.125e-05
726,12.299944877624512,3.125e-05
727,12.290003776550293,3.125e-05
728,12.29250717163086,3.125e-05
729,12.298474311828613,3.125e-05
730,12.29897689819336,3.125e-05
731,12.293807983398438,3.125e-05
732,12.294429779052734,3.125e-05
733,12.287806510925293,3.125e-05
734,12.2963228225708,3.125e-05
735,12.280345916748047,3.125e-05
736,12.285257339477539,3.125e-05
737,12.279662132263184,3.125e-05
738,12.278395652770996,3.125e-05
739,12.273634910583496,3.125e-05
740,12.27932071685791,3.125e-05
741,12.2680082321167,3.125e-05
742,12.271051406860352,3.125e-05
743,12.268747329711914,3.125e-05
744,12.264201164245605,3.125e-05
745,12.264808654785156,3.125e-05
746,12.26162052154541,3.125e-05
747,12.260224342346191,3.125e-05
748,12.260520935058594,3.125e-05
749,12.26206111907959,3.125e-05
750,12.256855964660645,3.125e-05
751,12.261419296264648,3.125e-05
752,12.254077911376953,3.125e-05
753,12.251691818237305,3.125e-05
754,12.248455047607422,3.125e-05
755,12.252585411071777,3.125e-05
756,12.249957084655762,3.125e-05
757,12.249902725219727,3.125e-05
758,12.246538162231445,3.125e-05
759,12.237667083740234,3.125e-05
760,12.23525333404541,3.125e-05
761,12.234271049499512,3.125e-05
762,12.231873512268066,3.125e-05
763,12.239145278930664,3.125e-05
764,12.233927726745605,3.125e-05
765,12.226949691772461,3.125e-05
766,12.222478866577148,3.125e-05
767,12.220809936523438,3.125e-05
768,12.229195594787598,3.125e-05
769,12.224539756774902,3.125e-05
770,12.216764450073242,3.125e-05
771,12.213028907775879,3.125e-05
772,12.218831062316895,3.125e-05
773,12.224591255187988,3.125e-05
774,12.21591567993164,3.125e-05
775,12.203760147094727,3.125e-05
776,12.216679573059082,3.125e-05
777,12.218339920043945,3.125e-05
778,12.204337120056152,3.125e-05
779,12.200573921203613,3.125e-05
780,12.20761775970459,3.125e-05
781,12.209272384643555,3.125e-05
782,12.195356369018555,3.125e-05
783,12.206141471862793,3.125e-05
784,12.197863578796387,3.125e-05
785,12.190978050231934,3.125e-05
786,12.198396682739258,3.125e-05
787,12.188838958740234,3.125e-05
788,12.18972110748291,3.125e-05
789,12.184954643249512,3.125e-05
790,12.17805290222168,3.125e-05
791,12.1804780960083,3.125e-05
792,12.177496910095215,3.125e-05
793,12.173497200012207,3.125e-05
794,12.181964874267578,3.125e-05
795,12.173667907714844,3.125e-05
796,12.1733980178833,3.125e-05
797,12.174386024475098,3.125e-05
798,12.16768741607666,3.125e-05
799,12.16748332977295,3.125e-05
800,12.167634963989258,3.125e-05
801,12.165283203125,3.125e-05
802,12.161787986755371,3.125e-05
803,12.162576675415039,3.125e-05
804,12.159322738647461,3.125e-05
805,12.156299591064453,3.125e-05
806,12.156975746154785,3.125e-05
807,12.155746459960938,3.125e-05
808,12.15408706665039,3.125e-05
809,12.148284912109375,3.125e-05
810,12.147978782653809,3.125e-05
811,12.14462661743164,3.125e-05
812,12.1435546875,3.125e-05
813,12.143295288085938,3.125e-05
814,12.137977600097656,3.125e-05
815,12.137229919433594,3.125e-05
816,12.141070365905762,3.125e-05
817,12.134102821350098,3.125e-05
818,12.135045051574707,3.125e-05
819,12.13818359375,3.125e-05
820,12.142715454101562,3.125e-05
821,12.127071380615234,3.125e-05
822,12.125922203063965,3.125e-05
823,12.125325202941895,3.125e-05
824,12.123621940612793,3.125e-05
825,12.120706558227539,3.125e-05
826,12.118176460266113,3.125e-05
827,12.118744850158691,3.125e-05
828,12.11442756652832,3.125e-05
829,12.113505363464355,3.125e-05
830,12.118440628051758,3.125e-05
831,12.128833770751953,3.125e-05
832,12.134977340698242,3.125e-05
833,12.120848655700684,3.125e-05
834,12.1084623336792,3.125e-05
835,12.111432075500488,3.125e-05
836,12.122381210327148,3.125e-05
837,12.131147384643555,3.125e-05
838,12.114665031433105,3.125e-05
839,12.100882530212402,3.125e-05
840,12.112043380737305,3.125e-05
841,12.131258010864258,3.125e-05
842,12.117877006530762,3.125e-05
843,12.099719047546387,3.125e-05
844,12.110185623168945,3.125e-05
845,12.122332572937012,3.125e-05
846,12.102049827575684,3.125e-05
847,12.108782768249512,3.125e-05
848,12.108488082885742,3.125e-05
849,12.110074996948242,3.125e-05
850,12.101263046264648,3.125e-05
851,12.099236488342285,3.125e-05
852,12.114239692687988,3.125e-05
853,12.088099479675293,3.125e-05
854,12.12287712097168,3.125e-05
855,12.110106468200684,3.125e-05
856,12.107226371765137,3.125e-05
857,12.097794532775879,3.125e-05
858,12.093518257141113,3.125e-05
859,12.106803894042969,3.125e-05
860,12.083730697631836,3.125e-05
861,12.10204792022705,3.125e-05
862,12.086264610290527,3.125e-05
863,12.082469940185547,3.125e-05
864,12.087684631347656,3.125e-05
865,12.082072257995605,3.125e-05
866,12.077625274658203,3.125e-05
867,12.0783109664917,3.125e-05
868,12.076491355895996,3.125e-05
869,12.072869300842285,3.125e-05
870,12.066776275634766,3.125e-05
871,12.082109451293945,3.125e-05
872,12.06622314453125,3.125e-05
873,12.064516067504883,3.125e-05
874,12.066984176635742,3.125e-05
875,12.073019027709961,3.125e-05
876,12.066827774047852,3.125e-05
877,12.059073448181152,3.125e-05
878,12.054010391235352,3.125e-05
879,12.05430793762207,3.125e-05
880,12.04965877532959,3.125e-05
881,12.048130989074707,3.125e-05
882,12.044358253479004,3.125e-05
883,12.04631519317627,3.125e-05
884,12.049098014831543,3.125e-05
885,12.045539855957031,3.125e-05
886,12.038013458251953,3.125e-05
887,12.038269996643066,3.125e-05
888,12.04660701751709,3.125e-05
889,12.049216270446777,3.125e-05
890,12.043472290039062,3.125e-05
891,12.034496307373047,3.125e-05
892,12.034582138061523,3.125e-05
893,12.032880783081055,3.125e-05
894,12.033177375793457,3.125e-05
895,12.027390480041504,3.125e-05
896,12.026191711425781,3.125e-05
897,12.024934768676758,3.125e-05
898,12.020877838134766,3.125e-05
899,12.020610809326172,3.125e-05
900,12.016754150390625,3.125e-05
901,12.016509056091309,3.125e-05
902,12.017635345458984,3.125e-05
903,12.020183563232422,3.125e-05
904,12.021738052368164,3.125e-05
905,12.02200698852539,3.125e-05
906,12.018621444702148,3.125e-05
907,12.010292053222656,3.125e-05
908,12.0068998336792,3.125e-05
909,12.008963584899902,3.125e-05
910,12.020764350891113,3.125e-05
911,12.034245491027832,3.125e-05
912,12.012579917907715,3.125e-05
913,12.003543853759766,3.125e-05
914,12.025527954101562,3.125e-05
915,12.03225326538086,3.125e-05
916,12.007708549499512,3.125e-05
917,11.997823715209961,3.125e-05
918,12.006184577941895,3.125e-05
919,12.032546043395996,3.125e-05
920,12.010345458984375,3.125e-05
921,11.996285438537598,3.125e-05
922,12.011813163757324,3.125e-05
923,12.009687423706055,3.125e-05
924,12.00195026397705,3.125e-05
925,11.996683120727539,3.125e-05
926,11.988597869873047,3.125e-05
927,12.003896713256836,3.125e-05
928,11.993819236755371,3.125e-05
929,11.988327980041504,3.125e-05
930,11.984601974487305,3.125e-05
931,11.98501205444336,3.125e-05
932,11.980745315551758,3.125e-05
933,11.983868598937988,3.125e-05
934,11.991334915161133,3.125e-05
935,11.982046127319336,3.125e-05
936,11.972501754760742,3.125e-05
937,11.980247497558594,3.125e-05
938,11.979507446289062,3.125e-05
939,11.976680755615234,3.125e-05
940,11.980680465698242,3.125e-05
941,11.979414939880371,3.125e-05
942,11.968853950500488,3.125e-05
943,11.97583293914795,3.125e-05
944,11.968846321105957,3.125e-05
945,11.97158145904541,3.125e-05
946,11.969473838806152,3.125e-05
947,11.973871231079102,3.125e-05
948,11.959432601928711,3.125e-05
949,11.972907066345215,3.125e-05
950,11.96292495727539,3.125e-05
951,11.955642700195312,3.125e-05
952,11.953885078430176,3.125e-05
953,11.961313247680664,3.125e-05
954,11.952908515930176,3.125e-05
955,11.952621459960938,3.125e-05
956,11.94997501373291,3.125e-05
957,11.953990936279297,3.125e-05
958,11.944046020507812,3.125e-05
959,11.943520545959473,3.125e-05
960,11.94357681274414,3.125e-05
961,11.946050643920898,3.125e-05
962,11.949468612670898,3.125e-05
963,11.953474044799805,3.125e-05
964,11.95435619354248,3.125e-05
965,11.943461418151855,3.125e-05
966,11.93839168548584,3.125e-05
967,11.950041770935059,3.125e-05
968,11.945831298828125,3.125e-05
969,11.952445983886719,3.125e-05
970,11.941612243652344,3.125e-05
971,11.946191787719727,3.125e-05
972,11.932048797607422,3.125e-05
973,11.96719741821289,3.125e-05
974,11.960063934326172,3.125e-05
975,11.944311141967773,3.125e-05
976,11.93227481842041,3.125e-05
977,11.94638442993164,3.125e-05
978,11.92875862121582,3.125e-05
979,11.944258689880371,3.125e-05
980,11.929774284362793,3.125e-05
981,11.941444396972656,3.125e-05
982,11.925228118896484,3.125e-05
983,11.933463096618652,3.125e-05
984,11.917929649353027,3.125e-05
985,11.933932304382324,3.125e-05
986,11.921440124511719,3.125e-05
987,11.93101978302002,3.125e-05
988,11.922771453857422,3.125e-05
989,11.92581844329834,3.125e-05
990,11.913016319274902,3.125e-05
991,11.917704582214355,3.125e-05
992,11.912336349487305,3.125e-05
993,11.912400245666504,3.125e-05
994,11.917072296142578,3.125e-05
995,11.92394733428955,3.125e-05
996,11.907780647277832,3.125e-05
997,11.921154022216797,3.125e-05
998,11.907614707946777,3.125e-05
999,11.902632713317871,3.125e-05
1000,11.902345657348633,3.125e-05
1001,11.91751480102539,3.125e-05
1002,11.905527114868164,3.125e-05
1003,11.897528648376465,3.125e-05
1004,11.89402961730957,3.125e-05
1005,11.900792121887207,3.125e-05
1006,11.891559600830078,3.125e-05
1007,11.89379596710205,3.125e-05
1008,11.892644882202148,3.125e-05
1009,11.88856315612793,3.125e-05
1010,11.892183303833008,3.125e-05
1011,11.889257431030273,3.125e-05
1012,11.890278816223145,3.125e-05
1013,11.896265983581543,3.125e-05
1014,11.886699676513672,3.125e-05
1015,11.878742218017578,3.125e-05
1016,11.882023811340332,3.125e-05
1017,11.900543212890625,3.125e-05
1018,11.898594856262207,3.125e-05
1019,11.882098197937012,3.125e-05
1020,11.87592601776123,3.125e-05
1021,11.89157485961914,3.125e-05
1022,11.889786720275879,3.125e-05
1023,11.876761436462402,3.125e-05
1024,11.878053665161133,3.125e-05
1025,11.879197120666504,3.125e-05
1026,11.873710632324219,3.125e-05
1027,11.8729829788208,3.125e-05
1028,11.873915672302246,3.125e-05
1029,11.86825942993164,3.125e-05
1030,11.865798950195312,3.125e-05
1031,11.879189491271973,3.125e-05
1032,11.879639625549316,3.125e-05
1033,11.864767074584961,3.125e-05
1034,11.860454559326172,3.125e-05
1035,11.868372917175293,3.125e-05
1036,11.864617347717285,3.125e-05
1037,11.85860824584961,3.125e-05
1038,11.856602668762207,3.125e-05
1039,11.856820106506348,3.125e-05
1040,11.858504295349121,3.125e-05
1041,11.862800598144531,3.125e-05
1042,11.86720085144043,3.125e-05
1043,11.855661392211914,3.125e-05
1044,11.847357749938965,3.125e-05
1045,11.858681678771973,3.125e-05
1046,11.866745948791504,3.125e-05
1047,11.863069534301758,3.125e-05
1048,11.863527297973633,3.125e-05
1049,11.842460632324219,3.125e-05
1050,11.847257614135742,3.125e-05
1051,11.856491088867188,3.125e-05
1052,11.853074073791504,3.125e-05
1053,11.848870277404785,3.125e-05
1054,11.843902587890625,3.125e-05
1055,11.837177276611328,3.125e-05
1056,11.839722633361816,3.125e-05
1057,11.858603477478027,3.125e-05
1058,11.842952728271484,3.125e-05
1059,11.839944839477539,3.125e-05
1060,11.851486206054688,3.125e-05
1061,11.84335994720459,3.125e-05
1062,11.842170715332031,3.125e-05
1063,11.851300239562988,3.125e-05
1064,11.8394193649292,3.125e-05
1065,11.858260154724121,3.125e-05
1066,11.84368896484375,3.125e-05
1067,11.825535774230957,3.125e-05
1068,11.844464302062988,3.125e-05
1069,11.862799644470215,3.125e-05
1070,11.834545135498047,3.125e-05
1071,11.824919700622559,3.125e-05
1072,11.829473495483398,3.125e-05
1073,11.83814811706543,3.125e-05
1074,11.820219039916992,3.125e-05
1075,11.81715202331543,3.125e-05
1076,11.835837364196777,3.125e-05
1077,11.829169273376465,3.125e-05
1078,11.808844566345215,3.125e-05
1079,11.822999000549316,3.125e-05
1080,11.844206809997559,3.125e-05
1081,11.818351745605469,3.125e-05
1082,11.808509826660156,3.125e-05
1083,11.83034896850586,3.125e-05
1084,11.814029693603516,3.125e-05
1085,11.809418678283691,3.125e-05
1086,11.807892799377441,3.125e-05
1087,11.815547943115234,3.125e-05
1088,11.807844161987305,3.125e-05
1089,11.809524536132812,3.125e-05
1090,11.797991752624512,3.125e-05
1091,11.801288604736328,3.125e-05
1092,11.801042556762695,3.125e-05
1093,11.79714298248291,3.125e-05
1094,11.795038223266602,3.125e-05
1095,11.790257453918457,3.125e-05
1096,11.784934997558594,3.125e-05
1097,11.784525871276855,3.125e-05
1098,11.787591934204102,3.125e-05
1099,11.780731201171875,3.125e-05
1100,11.77939510345459,3.125e-05
1101,11.779972076416016,3.125e-05
1102,11.778918266296387,3.125e-05
1103,11.780879974365234,3.125e-05
1104,11.785035133361816,3.125e-05
1105,11.793980598449707,3.125e-05
1106,11.784836769104004,3.125e-05
1107,11.770905494689941,3.125e-05
1108,11.775833129882812,3.125e-05
1109,11.778017044067383,3.125e-05
1110,11.785735130310059,3.125e-05
1111,11.78837776184082,3.125e-05
1112,11.77159595489502,3.125e-05
1113,11.769560813903809,3.125e-05
1114,11.767611503601074,3.125e-05
1115,11.76701831817627,3.125e-05
1116,11.78052043914795,3.125e-05
1117,11.77286148071289,3.125e-05
1118,11.767898559570312,3.125e-05
1119,11.7612943649292,3.125e-05
1120,11.763370513916016,3.125e-05
1121,11.767999649047852,3.125e-05
1122,11.760706901550293,3.125e-05
1123,11.756216049194336,3.125e-05
1124,11.763463020324707,3.125e-05
1125,11.770679473876953,3.125e-05
1126,11.755354881286621,3.125e-05
1127,11.75120735168457,3.125e-05
1128,11.7609281539917,3.125e-05
1129,11.765878677368164,3.125e-05
1130,11.754716873168945,3.125e-05
1131,11.748624801635742,3.125e-05
1132,11.747946739196777,3.125e-05
1133,11.752483367919922,3.125e-05
1134,11.762537002563477,3.125e-05
1135,11.765058517456055,3.125e-05
1136,11.743860244750977,3.125e-05
1137,11.737414360046387,3.125e-05
1138,11.742828369140625,3.125e-05
1139,11.749444961547852,3.125e-05
1140,11.76298713684082,3.125e-05
1141,11.75157642364502,3.125e-05
1142,11.740755081176758,3.125e-05
1143,11.748586654663086,3.125e-05
1144,11.761332511901855,3.125e-05
1145,11.741767883300781,3.125e-05
1146,11.729475021362305,3.125e-05
1147,11.75487995147705,3.125e-05
1148,11.750115394592285,3.125e-05
1149,11.731010437011719,3.125e-05
1150,11.729287147521973,3.125e-05
1151,11.747858047485352,3.125e-05
1152,11.750082015991211,3.125e-05
1153,11.72068977355957,3.125e-05
1154,11.74518871307373,3.125e-05
1155,11.75792407989502,3.125e-05
1156,11.735618591308594,3.125e-05
1157,11.73184871673584,3.125e-05
1158,11.738368034362793,3.125e-05
1159,11.736333847045898,3.125e-05
1160,11.733819961547852,3.125e-05
1161,11.70993709564209,3.125e-05
1162,11.730457305908203,3.125e-05
1163,11.739943504333496,3.125e-05
1164,11.715901374816895,3.125e-05
1165,11.71218204498291,3.125e-05
1166,11.735639572143555,3.125e-05
1167,11.718767166137695,3.125e-05
1168,11.706511497497559,3.125e-05
1169,11.70828914642334,3.125e-05
1170,11.711226463317871,3.125e-05
1171,11.703961372375488,3.125e-05
1172,11.70504093170166,3.125e-05
1173,11.713645935058594,3.125e-05
1174,11.701467514038086,3.125e-05
1175,11.699718475341797,3.125e-05
1176,11.704146385192871,3.125e-05
1177,11.696767807006836,3.125e-05
1178,11.691414833068848,3.125e-05
1179,11.68814468383789,3.125e-05
1180,11.69029426574707,3.125e-05
1181,11.687232971191406,3.125e-05
1182,11.684800148010254,3.125e-05
1183,11.687957763671875,3.125e-05
1184,11.694857597351074,3.125e-05
1185,11.708271026611328,3.125e-05
1186,11.691784858703613,3.125e-05
1187,11.681777954101562,3.125e-05
1188,11.682872772216797,3.125e-05
1189,11.683897972106934,3.125e-05
1190,11.687865257263184,3.125e-05
1191,11.687259674072266,3.125e-05
1192,11.679840087890625,3.125e-05
1193,11.674580574035645,3.125e-05
1194,11.682469367980957,3.125e-05
1195,11.691943168640137,3.125e-05
1196,11.681290626525879,3.125e-05
1197,11.676447868347168,3.125e-05
1198,11.67191219329834,3.125e-05
1199,11.694072723388672,3.125e-05
1200,11.693943977355957,3.125e-05
1201,11.676363945007324,3.125e-05
1202,11.667815208435059,3.125e-05
1203,11.692583084106445,3.125e-05
1204,11.697847366333008,3.125e-05
1205,11.664739608764648,3.125e-05
1206,11.667882919311523,3.125e-05
1207,11.670553207397461,3.125e-05
1208,11.662586212158203,3.125e-05
1209,11.667625427246094,3.125e-05
1210,11.67145824432373,3.125e-05
1211,11.659887313842773,3.125e-05
1212,11.650127410888672,3.125e-05
1213,11.669654846191406,3.125e-05
1214,11.65959644317627,3.125e-05
1215,11.648031234741211,3.125e-05
1216,11.671099662780762,3.125e-05
1217,11.658489227294922,3.125e-05
1218,11.648571968078613,3.125e-05
1219,11.660656929016113,3.125e-05
1220,11.647449493408203,3.125e-05
1221,11.64690113067627,3.125e-05
1222,11.64590835571289,3.125e-05
1223,11.650883674621582,3.125e-05
1224,11.641960144042969,3.125e-05
1225,11.641073226928711,3.125e-05
1226,11.652287483215332,3.125e-05
1227,11.645037651062012,3.125e-05
1228,11.642420768737793,3.125e-05
1229,11.63618278503418,3.125e-05
1230,11.633633613586426,3.125e-05
1231,11.628999710083008,3.125e-05
1232,11.62899398803711,3.125e-05
1233,11.63615608215332,3.125e-05
1234,11.633809089660645,3.125e-05
1235,11.622408866882324,3.125e-05
1236,11.628862380981445,3.125e-05
1237,11.621440887451172,3.125e-05
1238,11.62125015258789,3.125e-05
1239,11.621244430541992,3.125e-05
1240,11.619637489318848,3.125e-05
1241,11.624035835266113,3.125e-05
1242,11.615256309509277,3.125e-05
1243,11.617372512817383,3.125e-05
1244,11.616348266601562,3.125e-05
1245,11.622283935546875,3.125e-05
1246,11.621644973754883,3.125e-05
1247,11.61510944366455,3.125e-05
1248,11.61317253112793,3.125e-05
1249,11.611502647399902,3.125e-05
1250,11.610004425048828,3.125e-05
1251,11.631905555725098,3.125e-05
1252,11.622186660766602,3.125e-05
1253,11.610136985778809,3.125e-05
1254,11.609018325805664,3.125e-05
1255,11.633052825927734,3.125e-05
1256,11.616264343261719,3.125e-05
1257,11.616971015930176,3.125e-05
1258,11.601390838623047,3.125e-05
1259,11.632506370544434,3.125e-05
1260,11.6268892288208,3.125e-05
1261,11.599722862243652,3.125e-05
1262,11.619181632995605,3.125e-05
1263,11.646641731262207,3.125e-05
1264,11.602721214294434,3.125e-05
1265,11.608452796936035,3.125e-05
1266,11.634439468383789,3.125e-05
1267,11.610682487487793,3.125e-05
1268,11.5986909866333,3.125e-05
1269,11.596417427062988,3.125e-05
1270,11.612146377563477,3.125e-05
1271,11.590210914611816,3.125e-05
1272,11.58367919921875,3.125e-05
1273,11.599809646606445,3.125e-05
1274,11.59886360168457,3.125e-05
1275,11.581808090209961,3.125e-05
1276,11.585345268249512,3.125e-05
1277,11.603055953979492,3.125e-05
1278,11.586459159851074,3.125e-05
1279,11.572239875793457,3.125e-05
1280,11.60717487335205,3.125e-05
1281,11.585517883300781,3.125e-05
1282,11.575565338134766,3.125e-05
1283,11.599855422973633,3.125e-05
1284,11.581634521484375,3.125e-05
1285,11.5814790725708,3.125e-05
1286,11.591617584228516,3.125e-05
1287,11.58413314819336,3.125e-05
1288,11.58147144317627,3.125e-05
1289,11.574007987976074,3.125e-05
1290,11.582684516906738,3.125e-05
1291,11.586244583129883,3.125e-05
1292,11.559792518615723,3.125e-05
1293,11.585688591003418,3.125e-05
1294,11.582868576049805,3.125e-05
1295,11.555248260498047,3.125e-05
1296,11.588401794433594,3.125e-05
1297,11.574324607849121,3.125e-05
1298,11.546565055847168,3.125e-05
1299,11.576509475708008,3.125e-05
1300,11.5717191696167,3.125e-05
1301,11.554765701293945,3.125e-05
1302,11.584005355834961,3.125e-05
1303,11.550809860229492,3.125e-05
1304,11.543381690979004,3.125e-05
1305,11.564301490783691,3.125e-05
1306,11.548604011535645,3.125e-05
1307,11.546523094177246,3.125e-05
1308,11.558056831359863,3.125e-05
1309,11.539942741394043,3.125e-05
1310,11.543354034423828,3.125e-05
1311,11.5388822555542,3.125e-05
1312,11.539637565612793,3.125e-05
1313,11.530630111694336,3.125e-05
1314,11.541253089904785,3.125e-05
1315,11.537962913513184,3.125e-05
1316,11.531327247619629,3.125e-05
1317,11.530892372131348,3.125e-05
1318,11.531487464904785,3.125e-05
1319,11.52186107635498,3.125e-05
1320,11.52989673614502,3.125e-05
1321,11.526078224182129,3.125e-05
1322,11.526299476623535,3.125e-05
1323,11.519179344177246,3.125e-05
1324,11.517657279968262,3.125e-05
1325,11.516277313232422,3.125e-05
1326,11.516624450683594,3.125e-05
1327,11.52451229095459,3.125e-05
1328,11.517842292785645,3.125e-05
1329,11.505997657775879,3.125e-05
1330,11.523524284362793,3.125e-05
1331,11.531816482543945,3.125e-05
1332,11.518993377685547,3.125e-05
1333,11.517292976379395,3.125e-05
1334,11.547399520874023,3.125e-05
1335,11.521466255187988,3.125e-05
1336,11.528753280639648,3.125e-05
1337,11.557968139648438,3.125e-05
1338,11.512796401977539,3.125e-05
1339,11.536169052124023,3.125e-05
1340,11.543947219848633,3.125e-05
1341,11.504682540893555,3.125e-05
1342,11.547531127929688,3.125e-05
1343,11.525184631347656,3.125e-05
1344,11.525249481201172,3.125e-05
1345,11.543730735778809,3.125e-05
1346,11.508191108703613,3.125e-05
1347,11.53925895690918,3.125e-05
1348,11.509440422058105,3.125e-05
1349,11.506952285766602,3.125e-05
1350,11.505960464477539,3.125e-05
1351,11.487135887145996,3.125e-05
1352,11.50177001953125,3.125e-05
1353,11.513924598693848,3.125e-05
1354,11.484114646911621,3.125e-05
1355,11.482820510864258,3.125e-05
1356,11.497572898864746,3.125e-05
1357,11.488210678100586,3.125e-05
1358,11.479239463806152,3.125e-05
1359,11.473188400268555,3.125e-05
1360,11.47649097442627,3.125e-05
1361,11.476093292236328,3.125e-05
1362,11.47030258178711,3.125e-05
1363,11.468235969543457,3.125e-05
1364,11.466781616210938,3.125e-05
1365,11.46915340423584,3.125e-05
1366,11.469195365905762,3.125e-05
1367,11.470149040222168,3.125e-05
1368,11.47011661529541,3.125e-05
1369,11.46727466583252,3.125e-05
1370,11.4666748046875,3.125e-05
1371,11.469245910644531,3.125e-05
1372,11.47158432006836,3.125e-05
1373,11.459173202514648,3.125e-05
1374,11.45802116394043,3.125e-05
1375,11.452210426330566,3.125e-05
1376,11.452017784118652,3.125e-05
1377,11.452930450439453,3.125e-05
1378,11.458402633666992,3.125e-05
1379,11.4631929397583,3.125e-05
1380,11.45718002319336,3.125e-05
1381,11.462831497192383,3.125e-05
1382,11.447659492492676,3.125e-05
1383,11.442487716674805,3.125e-05
1384,11.445074081420898,3.125e-05
1385,11.450363159179688,3.125e-05
1386,11.459311485290527,3.125e-05
1387,11.449441909790039,3.125e-05
1388,11.455449104309082,3.125e-05
1389,11.44376277923584,3.125e-05
1390,11.446866035461426,3.125e-05
1391,11.464105606079102,3.125e-05
1392,11.44956111907959,3.125e-05
1393,11.443436622619629,3.125e-05
1394,11.449349403381348,3.125e-05
1395,11.440964698791504,3.125e-05
1396,11.441987037658691,3.125e-05
1397,11.441962242126465,3.125e-05
1398,11.448051452636719,3.125e-05
1399,11.44009780883789,3.125e-05
1400,11.434186935424805,3.125e-05
1401,11.443241119384766,3.125e-05
1402,11.444755554199219,3.125e-05
1403,11.4352388381958,3.125e-05
1404,11.436832427978516,3.125e-05
1405,11.443663597106934,3.125e-05
1406,11.426481246948242,3.125e-05
1407,11.431912422180176,3.125e-05
1408,11.453092575073242,3.125e-05
1409,11.430998802185059,3.125e-05
1410,11.430644989013672,3.125e-05
1411,11.440767288208008,3.125e-05
1412,11.428742408752441,3.125e-05
1413,11.41775894165039,3.125e-05
1414,11.4361572265625,3.125e-05
1415,11.427628517150879,3.125e-05
1416,11.412747383117676,3.125e-05
1417,11.41618824005127,3.125e-05
1418,11.423336029052734,3.125e-05
1419,11.423643112182617,3.125e-05
1420,11.4109525680542,3.125e-05
1421,11.420204162597656,3.125e-05
1422,11.420635223388672,3.125e-05
1423,11.417058944702148,3.125e-05
1424,11.412861824035645,3.125e-05
1425,11.416830062866211,3.125e-05
1426,11.413228034973145,3.125e-05
1427,11.401982307434082,3.125e-05
1428,11.406173706054688,3.125e-05
1429,11.416498184204102,3.125e-05
1430,11.40792465209961,3.125e-05
1431,11.399737358093262,3.125e-05
1432,11.396724700927734,3.125e-05
1433,11.409133911132812,3.125e-05
1434,11.403823852539062,3.125e-05
1435,11.397625923156738,3.125e-05
1436,11.402499198913574,3.125e-05
1437,11.388886451721191,3.125e-05
1438,11.400678634643555,3.125e-05
1439,11.402566909790039,3.125e-05
1440,11.402704238891602,3.125e-05
1441,11.400063514709473,3.125e-05
1442,11.3856782913208,3.125e-05
1443,11.388663291931152,3.125e-05
1444,11.390521049499512,3.125e-05
1445,11.394104957580566,3.125e-05
1446,11.388534545898438,3.125e-05
1447,11.378494262695312,3.125e-05
1448,11.391107559204102,3.125e-05
1449,11.396977424621582,3.125e-05
1450,11.387516975402832,3.125e-05
1451,11.387792587280273,3.125e-05
1452,11.379343032836914,3.125e-05
1453,11.397862434387207,3.125e-05
1454,11.406864166259766,3.125e-05
1455,11.395305633544922,3.125e-05
1456,11.385574340820312,3.125e-05
1457,11.377381324768066,3.125e-05
1458,11.395882606506348,3.125e-05
1459,11.378145217895508,3.125e-05
1460,11.375832557678223,3.125e-05
1461,11.390174865722656,3.125e-05
1462,11.371968269348145,3.125e-05
1463,11.37440013885498,3.125e-05
1464,11.382841110229492,3.125e-05
1465,11.365509033203125,3.125e-05
1466,11.387402534484863,3.125e-05
1467,11.361807823181152,3.125e-05
1468,11.372197151184082,3.125e-05
1469,11.371369361877441,3.125e-05
1470,11.36050796508789,3.125e-05
1471,11.37403678894043,3.125e-05
1472,11.370932579040527,3.125e-05
1473,11.36468505859375,3.125e-05
1474,11.36329174041748,3.125e-05
1475,11.362323760986328,3.125e-05
1476,11.371694564819336,3.125e-05
1477,11.362680435180664,3.125e-05
1478,11.3549222946167,3.125e-05
1479,11.363885879516602,3.125e-05
1480,11.357352256774902,3.125e-05
1481,11.354781150817871,3.125e-05
1482,11.363938331604004,3.125e-05
1483,11.354503631591797,3.125e-05
1484,11.372920989990234,3.125e-05
1485,11.361679077148438,3.125e-05
1486,11.3533935546875,3.125e-05
1487,11.366683959960938,3.125e-05
1488,11.340485572814941,3.125e-05
1489,11.358814239501953,3.125e-05
1490,11.352773666381836,3.125e-05
1491,11.354249000549316,3.125e-05
1492,11.343523979187012,3.125e-05
1493,11.35271167755127,3.125e-05
1494,11.353802680969238,3.125e-05
1495,11.339193344116211,3.125e-05
1496,11.346985816955566,3.125e-05
1497,11.341732025146484,3.125e-05
1498,11.344966888427734,3.125e-05
1499,11.345193862915039,3.125e-05
1500,11.33513069152832,3.125e-05
1501,11.365626335144043,3.125e-05
1502,11.345808029174805,3.125e-05
1503,11.341554641723633,3.125e-05
1504,11.356082916259766,3.125e-05
1505,11.332442283630371,3.125e-05
1506,11.330842018127441,3.125e-05
1507,11.344197273254395,3.125e-05
1508,11.333075523376465,3.125e-05
1509,11.340559959411621,3.125e-05
1510,11.330973625183105,3.125e-05
1511,11.323213577270508,3.125e-05
1512,11.324548721313477,3.125e-05
1513,11.327595710754395,3.125e-05
1514,11.332030296325684,3.125e-05
1515,11.339131355285645,3.125e-05
1516,11.320893287658691,3.125e-05
1517,11.323594093322754,3.125e-05
1518,11.325711250305176,3.125e-05
1519,11.329140663146973,3.125e-05
1520,11.336917877197266,3.125e-05
1521,11.322043418884277,3.125e-05
1522,11.314934730529785,3.125e-05
1523,11.330815315246582,3.125e-05
1524,11.322916030883789,3.125e-05
1525,11.308080673217773,3.125e-05
1526,11.307311058044434,3.125e-05
1527,11.318635940551758,3.125e-05
1528,11.316251754760742,3.125e-05
1529,11.309048652648926,3.125e-05
1530,11.309024810791016,3.125e-05
1531,11.302902221679688,3.125e-05
1532,11.309428215026855,3.125e-05
1533,11.313526153564453,3.125e-05
1534,11.316583633422852,3.125e-05
1535,11.322288513183594,3.125e-05
1536,11.301499366760254,3.125e-05
1537,11.299888610839844,3.125e-05
1538,11.300799369812012,3.125e-05
1539,11.294194221496582,3.125e-05
1540,11.295782089233398,3.125e-05
1541,11.291913986206055,3.125e-05
1542,11.297135353088379,3.125e-05
1543,11.318448066711426,3.125e-05
1544,11.316022872924805,3.125e-05
1545,11.312509536743164,3.125e-05
1546,11.292464256286621,3.125e-05
1547,11.311309814453125,3.125e-05
1548,11.302102088928223,3.125e-05
1549,11.309096336364746,3.125e-05
1550,11.29695987701416,3.125e-05
1551,11.285977363586426,3.125e-05
1552,11.288174629211426,3.125e-05
1553,11.284435272216797,3.125e-05
1554,11.293720245361328,3.125e-05
1555,11.285133361816406,3.125e-05
1556,11.289627075195312,3.125e-05
1557,11.279942512512207,3.125e-05
1558,11.280067443847656,3.125e-05
1559,11.289817810058594,3.125e-05
1560,11.2980375289917,3.125e-05
1561,11.28950309753418,3.125e-05
1562,11.273887634277344,3.125e-05
1563,11.294656753540039,3.125e-05
1564,11.302380561828613,3.125e-05
1565,11.291159629821777,3.125e-05
1566,11.275443077087402,3.125e-05
1567,11.2693510055542,3.125e-05
1568,11.287312507629395,3.125e-05
1569,11.28538703918457,3.125e-05
1570,11.274064064025879,3.125e-05
1571,11.275298118591309,3.125e-05
1572,11.268752098083496,3.125e-05
1573,11.267809867858887,3.125e-05
1574,11.263589859008789,3.125e-05
1575,11.258833885192871,3.125e-05
1576,11.273548126220703,3.125e-05
1577,11.28399658203125,3.125e-05
1578,11.263283729553223,3.125e-05
1579,11.280573844909668,3.125e-05
1580,11.260942459106445,3.125e-05
1581,11.264235496520996,3.125e-05
1582,11.2677640914917,3.125e-05
1583,11.262587547302246,3.125e-05
1584,11.279108047485352,3.125e-05
1585,11.262227058410645,3.125e-05
1586,11.26400089263916,3.125e-05
1587,11.280892372131348,3.125e-05
1588,11.268658638000488,3.125e-05
1589,11.281487464904785,3.125e-05
1590,11.26445484161377,3.125e-05
1591,11.264503479003906,3.125e-05
1592,11.25791072845459,3.125e-05
1593,11.290923118591309,3.125e-05
1594,11.264750480651855,3.125e-05
1595,11.249642372131348,3.125e-05
1596,11.282959938049316,3.125e-05
1597,11.258658409118652,3.125e-05
1598,11.268301963806152,3.125e-05
1599,11.257001876831055,3.125e-05
1600,11.279335021972656,3.125e-05
1601,11.26208209991455,3.125e-05
1602,11.26064682006836,3.125e-05
1603,11.260927200317383,3.125e-05
1604,11.258573532104492,3.125e-05
1605,11.249161720275879,3.125e-05
1606,11.253885269165039,3.125e-05
1607,11.237056732177734,3.125e-05
1608,11.247323989868164,3.125e-05
1609,11.236905097961426,3.125e-05
1610,11.234167098999023,3.125e-05
1611,11.234442710876465,3.125e-05
1612,11.24335765838623,3.125e-05
1613,11.230570793151855,3.125e-05
1614,11.234026908874512,3.125e-05
1615,11.239114761352539,3.125e-05
1616,11.227520942687988,3.125e-05
1617,11.240116119384766,3.125e-05
1618,11.23694896697998,3.125e-05
1619,11.231220245361328,3.125e-05
1620,11.247554779052734,3.125e-05
1621,11.228713989257812,3.125e-05
1622,11.237764358520508,3.125e-05
1623,11.22789478302002,3.125e-05
1624,11.22005558013916,3.125e-05
1625,11.240372657775879,3.125e-05
1626,11.214178085327148,3.125e-05
1627,11.225351333618164,3.125e-05
1628,11.233182907104492,3.125e-05
1629,11.219868659973145,3.125e-05
1630,11.22998046875,3.125e-05
1631,11.226668357849121,3.125e-05
1632,11.226703643798828,3.125e-05
1633,11.235570907592773,3.125e-05
1634,11.215415954589844,3.125e-05
1635,11.214313507080078,3.125e-05
1636,11.231297492980957,3.125e-05
1637,11.219270706176758,3.125e-05
1638,11.223549842834473,3.125e-05
1639,11.208709716796875,3.125e-05
1640,11.215731620788574,3.125e-05
1641,11.224363327026367,3.125e-05
1642,11.208009719848633,3.125e-05
1643,11.20534610748291,3.125e-05
1644,11.195619583129883,3.125e-05
1645,11.211429595947266,3.125e-05
1646,11.208312034606934,3.125e-05
1647,11.204418182373047,3.125e-05
1648,11.212488174438477,3.125e-05
1649,11.204214096069336,3.125e-05
1650,11.202311515808105,3.125e-05
1651,11.19619083404541,3.125e-05
1652,11.192829132080078,3.125e-05
1653,11.190464973449707,3.125e-05
1654,11.19342041015625,3.125e-05
1655,11.198288917541504,3.125e-05
1656,11.21124267578125,3.125e-05
1657,11.218893051147461,3.125e-05
1658,11.191712379455566,3.125e-05
1659,11.208240509033203,3.125e-05
1660,11.20083999633789,3.125e-05
1661,11.223649024963379,3.125e-05
1662,11.203805923461914,3.125e-05
1663,11.207773208618164,3.125e-05
1664,11.184016227722168,3.125e-05
1665,11.202632904052734,3.125e-05
1666,11.205682754516602,3.125e-05
1667,11.176678657531738,3.125e-05
1668,11.196089744567871,3.125e-05
1669,11.188947677612305,3.125e-05
1670,11.197509765625,3.125e-05
1671,11.175204277038574,3.125e-05
1672,11.181605339050293,3.125e-05
1673,11.17965316772461,3.125e-05
1674,11.183967590332031,3.125e-05
1675,11.18037223815918,3.125e-05
1676,11.174071311950684,3.125e-05
1677,11.169953346252441,3.125e-05
1678,11.176820755004883,3.125e-05
1679,11.179130554199219,3.125e-05
1680,11.17853832244873,3.125e-05
1681,11.185541152954102,3.125e-05
1682,11.170099258422852,3.125e-05
1683,11.17495346069336,3.125e-05
1684,11.167520523071289,3.125e-05
1685,11.17251205444336,3.125e-05
1686,11.16830825805664,3.125e-05
1687,11.159106254577637,3.125e-05
1688,11.162551879882812,3.125e-05
1689,11.169434547424316,3.125e-05
1690,11.171074867248535,3.125e-05
1691,11.170137405395508,3.125e-05
1692,11.156173706054688,3.125e-05
1693,11.173259735107422,3.125e-05
1694,11.18435287475586,3.125e-05
1695,11.165279388427734,3.125e-05
1696,11.162260055541992,3.125e-05
1697,11.176773071289062,3.125e-05
1698,11.167438507080078,3.125e-05
1699,11.16799545288086,3.125e-05
1700,11.162558555603027,3.125e-05
1701,11.163490295410156,3.125e-05
1702,11.155359268188477,3.125e-05
1703,11.156092643737793,3.125e-05
1704,11.155960083007812,3.125e-05
1705,11.154541969299316,3.125e-05
1706,11.158827781677246,3.125e-05
1707,11.154156684875488,3.125e-05
1708,11.156230926513672,3.125e-05
1709,11.172850608825684,3.125e-05
1710,11.149253845214844,3.125e-05
1711,11.153212547302246,3.125e-05
1712,11.143937110900879,3.125e-05
1713,11.141412734985352,3.125e-05
1714,11.153194427490234,3.125e-05
1715,11.142898559570312,3.125e-05
1716,11.148000717163086,3.125e-05
1717,11.139897346496582,3.125e-05
1718,11.143669128417969,3.125e-05
1719,11.15352725982666,3.125e-05
1720,11.132776260375977,3.125e-05
1721,11.144230842590332,3.125e-05
1722,11.134459495544434,3.125e-05
1723,11.139627456665039,3.125e-05
1724,11.165226936340332,3.125e-05
1725,11.134455680847168,3.125e-05
1726,11.15419864654541,3.125e-05
1727,11.192031860351562,3.125e-05
1728,11.158072471618652,3.125e-05
1729,11.136713027954102,3.125e-05
1730,11.178425788879395,3.125e-05
1731,11.154044151306152,3.125e-05
1732,11.124752044677734,3.125e-05
1733,11.161757469177246,3.125e-05
1734,11.148164749145508,3.125e-05
1735,11.137784004211426,3.125e-05
1736,11.12872314453125,3.125e-05
1737,11.14466667175293,3.125e-05
1738,11.148271560668945,3.125e-05
1739,11.120776176452637,3.125e-05
1740,11.178669929504395,3.125e-05
1741,11.155253410339355,3.125e-05
1742,11.120928764343262,3.125e-05
1743,11.164466857910156,3.125e-05
1744,11.150214195251465,3.125e-05
1745,11.125736236572266,3.125e-05
1746,11.124606132507324,3.125e-05
1747,11.14210319519043,3.125e-05
1748,11.122995376586914,3.125e-05
1749,11.115937232971191,3.125e-05
1750,11.1366605758667,3.125e-05
1751,11.116076469421387,3.125e-05
1752,11.099217414855957,3.125e-05
1753,11.108728408813477,3.125e-05
1754,11.121756553649902,3.125e-05
1755,11.111287117004395,3.125e-05
1756,11.106708526611328,3.125e-05
1757,11.11257266998291,3.125e-05
1758,11.124874114990234,3.125e-05
1759,11.110574722290039,3.125e-05
1760,11.109572410583496,3.125e-05
1761,11.117949485778809,3.125e-05
1762,11.1004056930542,3.125e-05
1763,11.110649108886719,3.125e-05
1764,11.136441230773926,3.125e-05
1765,11.098404884338379,3.125e-05
1766,11.097222328186035,3.125e-05
1767,11.108753204345703,3.125e-05
1768,11.116055488586426,3.125e-05
1769,11.107434272766113,3.125e-05
1770,11.098673820495605,3.125e-05
1771,11.092903137207031,3.125e-05
1772,11.10142993927002,3.125e-05
1773,11.095405578613281,3.125e-05
1774,11.09699821472168,3.125e-05
1775,11.092901229858398,3.125e-05
1776,11.102086067199707,3.125e-05
1777,11.115692138671875,3.125e-05
1778,11.109797477722168,3.125e-05
1779,11.083654403686523,3.125e-05
1780,11.106894493103027,3.125e-05
1781,11.149219512939453,3.125e-05
1782,11.098417282104492,3.125e-05
1783,11.118060111999512,3.125e-05
1784,11.115743637084961,3.125e-05
1785,11.079010009765625,3.125e-05
1786,11.136927604675293,3.125e-05
1787,11.129003524780273,3.125e-05
1788,11.08856201171875,3.125e-05
1789,11.143168449401855,3.125e-05
1790,11.100369453430176,3.125e-05
1791,11.099946022033691,3.125e-05
1792,11.132549285888672,3.125e-05
1793,11.08047103881836,3.125e-05
1794,11.10986328125,3.125e-05
1795,11.120332717895508,3.125e-05
1796,11.071183204650879,3.125e-05
1797,11.112826347351074,3.125e-05
1798,11.108834266662598,3.125e-05
1799,11.066176414489746,3.125e-05
1800,11.09563159942627,3.125e-05
1801,11.095277786254883,3.125e-05
1802,11.07530403137207,3.125e-05
1803,11.107550621032715,3.125e-05
1804,11.067278861999512,3.125e-05
1805,11.099527359008789,3.125e-05
1806,11.11499309539795,3.125e-05
1807,11.063756942749023,3.125e-05
1808,11.119725227355957,3.125e-05
1809,11.090402603149414,3.125e-05
1810,11.066930770874023,3.125e-05
1811,11.109484672546387,3.125e-05
1812,11.100693702697754,3.125e-05
1813,11.080718040466309,3.125e-05
1814,11.094775199890137,3.125e-05
1815,11.110511779785156,3.125e-05
1816,11.059667587280273,3.125e-05
1817,11.094751358032227,3.125e-05
1818,11.110733985900879,3.125e-05
1819,11.065690994262695,3.125e-05
1820,11.105162620544434,3.125e-05
1821,11.088959693908691,3.125e-05
1822,11.087944984436035,3.125e-05
1823,11.090367317199707,3.125e-05
1824,11.115748405456543,3.125e-05
1825,11.08200740814209,3.125e-05
1826,11.070197105407715,3.125e-05
1827,11.09145736694336,3.125e-05
1828,11.071497917175293,3.125e-05
1829,11.07235050201416,3.125e-05
1830,11.074834823608398,3.125e-05
1831,11.086393356323242,3.125e-05
1832,11.049454689025879,3.125e-05
1833,11.063514709472656,3.125e-05
1834,11.070857048034668,3.125e-05
1835,11.047091484069824,3.125e-05
1836,11.066362380981445,3.125e-05
1837,11.03930950164795,3.125e-05
1838,11.058111190795898,3.125e-05
1839,11.048370361328125,3.125e-05
1840,11.035566329956055,3.125e-05
1841,11.048539161682129,3.125e-05
1842,11.028103828430176,3.125e-05
1843,11.039255142211914,3.125e-05
1844,11.042181968688965,3.125e-05
1845,11.02680778503418,3.125e-05
1846,11.034754753112793,3.125e-05
1847,11.03695011138916,3.125e-05
1848,11.028853416442871,3.125e-05
1849,11.04189682006836,3.125e-05
1850,11.034316062927246,3.125e-05
1851,11.030492782592773,3.125e-05
1852,11.050668716430664,3.125e-05
1853,11.035750389099121,3.125e-05
1854,11.042548179626465,3.125e-05
1855,11.02527141571045,3.125e-05
1856,11.034013748168945,3.125e-05
1857,11.05450439453125,3.125e-05
1858,11.012669563293457,3.125e-05
1859,11.039838790893555,3.125e-05
1860,11.050230026245117,3.125e-05
1861,11.025707244873047,3.125e-05
1862,11.045025825500488,3.125e-05
1863,11.019272804260254,3.125e-05
1864,11.034266471862793,3.125e-05
1865,11.043981552124023,3.125e-05
1866,11.024418830871582,3.125e-05
1867,11.04066276550293,3.125e-05
1868,11.02844524383545,3.125e-05
1869,11.035143852233887,3.125e-05
1870,11.014825820922852,3.125e-05
1871,11.013936042785645,3.125e-05
1872,11.02065658569336,3.125e-05
1873,11.006155967712402,3.125e-05
1874,11.020572662353516,3.125e-05
1875,11.005576133728027,3.125e-05
1876,11.001773834228516,3.125e-05
1877,11.038087844848633,3.125e-05
1878,11.02638053894043,3.125e-05
1879,11.028499603271484,3.125e-05
1880,11.019073486328125,3.125e-05
1881,11.029779434204102,3.125e-05
1882,11.033320426940918,3.125e-05
1883,10.99807071685791,3.125e-05
1884,11.010223388671875,3.125e-05
1885,11.016485214233398,3.125e-05
1886,11.00406265258789,3.125e-05
1887,10.995439529418945,3.125e-05
1888,11.000833511352539,3.125e-05
1889,10.99000358581543,3.125e-05
1890,11.006670951843262,3.125e-05
1891,11.006498336791992,3.125e-05
1892,10.99525260925293,3.125e-05
1893,11.003921508789062,3.125e-05
1894,10.991965293884277,3.125e-05
1895,11.006829261779785,3.125e-05
1896,11.007855415344238,3.125e-05
1897,10.988993644714355,3.125e-05
1898,10.997825622558594,3.125e-05
1899,10.99332046508789,3.125e-05
1900,10.981658935546875,3.125e-05
1901,10.983231544494629,3.125e-05
1902,10.980563163757324,3.125e-05
1903,10.98017406463623,3.125e-05
1904,10.978126525878906,3.125e-05
1905,10.977011680603027,3.125e-05
1906,10.97472858428955,3.125e-05
1907,10.980673789978027,3.125e-05
1908,10.985955238342285,3.125e-05
1909,10.982462882995605,3.125e-05
1910,10.969659805297852,3.125e-05
1911,10.978846549987793,3.125e-05
1912,10.980672836303711,3.125e-05
1913,10.991957664489746,3.125e-05
1914,10.988744735717773,3.125e-05
1915,10.973379135131836,3.125e-05
1916,10.970589637756348,3.125e-05
1917,10.99008560180664,3.125e-05
1918,10.985071182250977,3.125e-05
1919,10.971710205078125,3.125e-05
1920,10.981058120727539,3.125e-05
1921,10.973773002624512,3.125e-05
1922,10.968103408813477,3.125e-05
1923,11.00393009185791,3.125e-05
1924,10.986326217651367,3.125e-05
1925,11.015756607055664,3.125e-05
1926,10.980705261230469,3.125e-05
1927,10.992332458496094,3.125e-05
1928,10.990970611572266,3.125e-05
1929,10.978398323059082,3.125e-05
1930,10.966341018676758,3.125e-05
1931,10.96293830871582,3.125e-05
1932,10.967673301696777,3.125e-05
1933,10.966743469238281,3.125e-05
1934,10.955831527709961,3.125e-05
1935,10.956756591796875,3.125e-05
1936,10.959739685058594,3.125e-05
1937,10.967727661132812,3.125e-05
1938,10.977702140808105,3.125e-05
1939,10.962095260620117,3.125e-05
1940,10.968719482421875,3.125e-05
1941,10.948756217956543,3.125e-05
1942,10.971875190734863,3.125e-05
1943,10.974206924438477,3.125e-05
1944,10.955066680908203,3.125e-05
1945,10.965496063232422,3.125e-05
1946,10.982791900634766,3.125e-05
1947,10.972475051879883,3.125e-05
1948,10.96820068359375,3.125e-05
1949,10.97472858428955,3.125e-05
1950,10.967748641967773,3.125e-05
1951,10.989106178283691,3.125e-05
1952,10.968304634094238,3.125e-05
1953,10.965641975402832,3.125e-05
1954,10.974883079528809,3.125e-05
1955,10.955066680908203,3.125e-05
1956,10.956441879272461,3.125e-05
1957,10.95152473449707,3.125e-05
1958,10.965531349182129,3.125e-05
1959,10.967142105102539,3.125e-05
1960,10.952259063720703,3.125e-05
1961,10.969167709350586,3.125e-05
1962,10.999713897705078,3.125e-05
1963,10.959712028503418,3.125e-05
1964,10.968215942382812,3.125e-05
1965,10.977441787719727,3.125e-05
1966,10.995148658752441,3.125e-05
1967,10.94975471496582,3.125e-05
1968,10.988835334777832,3.125e-05
1969,10.97166633605957,3.125e-05
1970,10.935792922973633,3.125e-05
1971,10.991398811340332,3.125e-05
1972,10.958423614501953,3.125e-05
1973,10.9869966506958,3.125e-05
1974,10.948196411132812,3.125e-05
1975,10.964151382446289,3.125e-05
1976,10.984293937683105,3.125e-05
1977,10.946855545043945,3.125e-05
1978,10.975703239440918,3.125e-05
1979,10.966690063476562,3.125e-05
1980,10.957533836364746,3.125e-05
1981,10.957191467285156,3.125e-05
1982,10.95535945892334,3.125e-05
1983,10.952885627746582,3.125e-05
1984,10.945310592651367,3.125e-05
1985,10.960320472717285,3.125e-05
1986,10.928098678588867,3.125e-05
1987,10.933860778808594,3.125e-05
1988,10.929926872253418,3.125e-05
1989,10.920654296875,3.125e-05
1990,10.930855751037598,3.125e-05
1991,10.910765647888184,3.125e-05
1992,10.929935455322266,3.125e-05
1993,10.923541069030762,3.125e-05
1994,10.917720794677734,3.125e-05
1995,10.927064895629883,3.125e-05
1996,10.916182518005371,3.125e-05
1997,10.924181938171387,3.125e-05
1998,10.916471481323242,3.125e-05
1999,10.9132719039917,3.125e-05
